{"cameraMode":{"drawMode":0,"name":"Shaded","section":"Shading Mode"},"sceneLighting":true,"audioPlay":false,"sceneViewState":{"showFog":true,"showMaterialUpdate":false,"showSkybox":false,"showFlares":true,"showImageEffects":true,"showParticleSystems":true},"in2DMode":false,"pivot":{"x":360.3214111328125,"y":74.97076416015625,"z":-56.389610290527347},"rotation":{"x":-0.13159967958927155,"y":0.01664985530078411,"z":-0.002215988002717495,"w":-0.9911743998527527},"size":861.5027465820313,"orthographic":false}