{"cameraMode":{"drawMode":0,"name":"Shaded","section":"Shading Mode"},"sceneLighting":true,"audioPlay":false,"sceneViewState":{"showFog":true,"showMaterialUpdate":false,"showSkybox":false,"showFlares":true,"showImageEffects":true,"showParticleSystems":true},"in2DMode":false,"pivot":{"x":13.049397468566895,"y":-2.576136589050293,"z":5.316753387451172},"rotation":{"x":-0.27206024527549746,"y":-0.15654703974723817,"z":0.04476739466190338,"w":-0.9485034346580505},"size":4.775347709655762,"orthographic":false}