{"cameraMode":{"drawMode":0,"name":"Shaded","section":"Shading Mode"},"sceneLighting":true,"audioPlay":false,"sceneViewState":{"showFog":true,"showMaterialUpdate":false,"showSkybox":false,"showFlares":true,"showImageEffects":true,"showParticleSystems":true},"in2DMode":false,"pivot":{"x":30.788631439208986,"y":-7.425368309020996,"z":-23.314029693603517},"rotation":{"x":-0.051871344447135928,"y":-0.9314714074134827,"z":0.14679116010665894,"w":-0.329051673412323},"size":17.046438217163087,"orthographic":false}