{"cameraMode":{"drawMode":0,"name":"Shaded","section":"Shading Mode"},"sceneLighting":true,"audioPlay":false,"sceneViewState":{"showFog":true,"showMaterialUpdate":false,"showSkybox":false,"showFlares":true,"showImageEffects":true,"showParticleSystems":true},"in2DMode":false,"pivot":{"x":-0.5102310180664063,"y":1.1280030012130738,"z":0.03776830434799194},"rotation":{"x":-0.16979525983333589,"y":-0.7252704501152039,"z":0.19279342889785767,"w":-0.6387766599655151},"size":0.5069354772567749,"orthographic":false}