{"cameraMode":{"drawMode":0,"name":"Shaded","section":"Shading Mode"},"sceneLighting":false,"audioPlay":false,"sceneViewState":{"showFog":true,"showMaterialUpdate":false,"showSkybox":false,"showFlares":true,"showImageEffects":true,"showParticleSystems":true},"in2DMode":false,"pivot":{"x":0.0,"y":1.2574999332427979,"z":0.36249998211860659},"rotation":{"x":-0.2554408609867096,"y":-0.006673429161310196,"z":0.00176341668702662,"w":-0.9668014049530029},"size":2.1131019592285158,"orthographic":false}