{
  "name": "root",
  "gauges": [
    {
      "name": "RollerBallBrainAssignment1.mean_reward",
      "value": 0.19594594594594594,
      "min": 0.040268456375838924,
      "max": 0.19594594594594594,
      "count": 5
    }
  ],
  "total": 116.0038555,
  "count": 1,
  "self": 16.47117640000016,
  "children": [
    {
      "name": "TrainerController.advance",
      "total": 99.53267909999984,
      "count": 5005,
      "self": 6.6777678999996795,
      "children": [
        {
          "name": "env_step",
          "total": 81.49874650000018,
          "count": 5005,
          "self": 75.47786429999954,
          "children": [
            {
              "name": "SubprocessEnvManager._take_step",
              "total": 5.916233900000465,
              "count": 5005,
              "self": 0.22393030000048775,
              "children": [
                {
                  "name": "PPOPolicy.evaluate",
                  "total": 5.692303599999978,
                  "count": 5001,
                  "self": 5.692303599999978
                }
              ]
            },
            {
              "name": "workers",
              "total": 0.10464830000017322,
              "count": 5005,
              "self": 0.0,
              "children": [
                {
                  "name": "worker_root",
                  "total": 113.8813355000007,
                  "count": 5005,
                  "is_parallel": true,
                  "self": 44.453150600000114,
                  "children": [
                    {
                      "name": "UnityEnvironment.step",
                      "total": 69.42818490000059,
                      "count": 5005,
                      "is_parallel": true,
                      "self": 0.7441029000012946,
                      "children": [
                        {
                          "name": "UnityEnvironment._generate_step_input",
                          "total": 0.6779323999995501,
                          "count": 5005,
                          "is_parallel": true,
                          "self": 0.6779323999995501
                        },
                        {
                          "name": "communicator.exchange",
                          "total": 66.60700879999986,
                          "count": 5005,
                          "is_parallel": true,
                          "self": 66.60700879999986
                        },
                        {
                          "name": "batched_step_result_from_proto",
                          "total": 1.3991407999998877,
                          "count": 5002,
                          "is_parallel": true,
                          "self": 0.48352979999988044,
                          "children": [
                            {
                              "name": "_process_vector_observation",
                              "total": 0.9156110000000073,
                              "count": 5002,
                              "is_parallel": true,
                              "self": 0.9156110000000073
                            }
                          ]
                        }
                      ]
                    }
                  ]
                }
              ]
            }
          ]
        },
        {
          "name": "update_policy",
          "total": 11.356164699999983,
          "count": 125,
          "self": 2.2860890000001532,
          "children": [
            {
              "name": "PPOPolicy.update",
              "total": 9.07007569999983,
              "count": 4101,
              "self": 9.07007569999983
            }
          ]
        }
      ]
    }
  ]
}