{"cameraMode":{"drawMode":0,"name":"Shaded","section":"Shading Mode"},"sceneLighting":true,"audioPlay":false,"sceneViewState":{"showFog":true,"showMaterialUpdate":false,"showSkybox":false,"showFlares":true,"showImageEffects":true,"showParticleSystems":true},"in2DMode":false,"pivot":{"x":-0.42368483543395998,"y":-0.6272296905517578,"z":-3.7998008728027345},"rotation":{"x":-0.4566691815853119,"y":0.013874644413590432,"z":-0.007123334798961878,"w":-0.8895002603530884},"size":22.86628532409668,"orthographic":false}