{"cameraMode":{"drawMode":0,"name":"Shaded","section":"Shading Mode"},"sceneLighting":true,"audioPlay":false,"sceneViewState":{"showFog":true,"showMaterialUpdate":false,"showSkybox":false,"showFlares":true,"showImageEffects":true,"showParticleSystems":true},"in2DMode":false,"pivot":{"x":-0.42368483543395998,"y":-0.6272296905517578,"z":-3.7998008728027345},"rotation":{"x":-0.3115268647670746,"y":0.007693964522331953,"z":-0.002522573806345463,"w":-0.9502037763595581},"size":15.72548770904541,"orthographic":false}